LIKE

CREATE TABLE T_LIKE(ID INT, NAME CHAR(10));
SUCCESS

INSERT INTO T_LIKE VALUES (1, 'ABCDEFA');
SUCCESS
INSERT INTO T_LIKE VALUES (2, 'ABCFAGD');
SUCCESS
INSERT INTO T_LIKE VALUES (3, 'ABFADEC');
SUCCESS
INSERT INTO T_LIKE VALUES (4, 'AEAE23DBC');
SUCCESS
INSERT INTO T_LIKE VALUES (5, 'FC24DCVBC');
SUCCESS
INSERT INTO T_LIKE VALUES (6, 'ABFC');
SUCCESS
INSERT INTO T_LIKE VALUES (7, 'ABFC');
SUCCESS
INSERT INTO T_LIKE VALUES (8, 'AWEBC');
SUCCESS
INSERT INTO T_LIKE VALUES (9, 'AFFAABC');
SUCCESS
INSERT INTO T_LIKE VALUES (10, 'DDDDD');
SUCCESS

SELECT * FROM T_LIKE WHERE NAME LIKE 'A%';
1 | ABCDEFA
2 | ABCFAGD
3 | ABFADEC
4 | AEAE23DBC
6 | ABFC
7 | ABFC
8 | AWEBC
9 | AFFAABC
ID | NAME

SELECT * FROM T_LIKE WHERE NAME LIKE '_____';
10 | DDDDD
8 | AWEBC
ID | NAME

SELECT * FROM T_LIKE WHERE NAME LIKE '_____' AND NAME NOT LIKE '%C';
10 | DDDDD
ID | NAME

SELECT * FROM T_LIKE WHERE NAME LIKE '__2%_';
5 | FC24DCVBC
ID | NAME

SELECT * FROM T_LIKE WHERE NAME NOT LIKE '__C%';
10 | DDDDD
3 | ABFADEC
4 | AEAE23DBC
5 | FC24DCVBC
6 | ABFC
7 | ABFC
8 | AWEBC
9 | AFFAABC
ID | NAME

SELECT * FROM T_LIKE WHERE NAME LIKE '%FF%';
9 | AFFAABC
ID | NAME

SELECT * FROM T_LIKE WHERE NAME LIKE '%FF%C_';
ID | NAME
