FUNCTION

SELECT ROUND(235.415) AS ROUND_VALUE;
ROUND_VALUE
235
SELECT ROUND(235.415, 1) AS ROUND_VALUE;
ROUND_VALUE
235.4
SELECT ROUND(235.415, 2) AS ROUND_VALUE;
ROUND_VALUE
235.42
SELECT ROUND(23457.4) AS ROUND_VALUE;
ROUND_VALUE
23457
SELECT ROUND(23457.4, 1) AS ROUND_VALUE;
ROUND_VALUE
23457.4
SELECT ROUND(23457.5) AS ROUND_VALUE;
ROUND_VALUE
23458

CREATE TABLE FUNCTION_TABLE (ID INT, NAME CHAR(12), SCORE FLOAT, U_DATE DATE);
SUCCESS

INSERT INTO FUNCTION_TABLE VALUES(1, 'ABCDE', 23457.4, '2020-1-21');
SUCCESS
INSERT INTO FUNCTION_TABLE VALUES(2, 'BBBBBB', 32, '2020-10-21');
SUCCESS
INSERT INTO FUNCTION_TABLE VALUES(3, 'FEWAFF', 1918.5, '2020-01-01');
SUCCESS
INSERT INTO FUNCTION_TABLE VALUES(4, 'IOAFLFK', 932.58, '2000-01-30');
SUCCESS
INSERT INTO FUNCTION_TABLE VALUES(5, 'ABCDEFGHIJ', 1000.0, '2019-12-21');
SUCCESS
INSERT INTO FUNCTION_TABLE VALUES(6, 'IOL6IG', -2526.49, '2016-2-29');
SUCCESS

SELECT ID, LENGTH(NAME), ROUND(SCORE), DATE_FORMAT(U_DATE, '%D,%M,%Y') AS DATE_TYPE FROM FUNCTION_TABLE WHERE ID <> 4;
1 | 5 | 23457 | 21ST,JANUARY,2020
2 | 6 | 32 | 21ST,OCTOBER,2020
3 | 6 | 1919 | 1ST,JANUARY,2020
5 | 10 | 1000 | 21ST,DECEMBER,2019
6 | 6 | -2526 | 29TH,FEBRUARY,2016
ID | LENGTH(NAME) | ROUND(SCORE) | DATE_TYPE

SELECT ID, LENGTH(NAME), ROUND(SCORE), DATE_FORMAT(U_DATE, '%Z/%N/%D') AS DATE_TYPE FROM FUNCTION_TABLE WHERE ID <> 4;
1 | 5 | 23457 | Z/N/21
2 | 6 | 32 | Z/N/21
3 | 6 | 1919 | Z/N/01
5 | 10 | 1000 | Z/N/21
6 | 6 | -2526 | Z/N/29
ID | LENGTH(NAME) | ROUND(SCORE) | DATE_TYPE

SELECT ID, LENGTH(ID) FROM FUNCTION_TABLE;
FAILURE
SELECT ID, ROUND(U_DATE, 2) FROM FUNCTION_TABLE;
FAILURE
SELECT ID, ROUND(SCORE, 2, 1) FROM FUNCTION_TABLE;
FAILURE
SELECT ID, DATE_FORMAT(U_DATE) FROM FUNCTION_TABLE;
FAILURE
SELECT ID, DATE_FORMAT(ID, '%Y%M%D') FROM FUNCTION_TABLE;
FAILURE
SELECT ID, DATE_FORMAT(NAME, '%Y-%M-%D') FROM FUNCTION_TABLE;
FAILURE
