TYPECAST

CREATE TABLE T_TYPECAST(ID INT, NAME CHAR, YEAR FLOAT);
SUCCESS
INSERT INTO T_TYPECAST VALUES(1, 'A', 12);
SUCCESS
INSERT INTO T_TYPECAST VALUES(2, 4, 1.8333);
SUCCESS
INSERT INTO T_TYPECAST VALUES(3.49, 1.5, 0);
SUCCESS
INSERT INTO T_TYPECAST VALUES(3.5, 1.5, '13.8.7');
SUCCESS
INSERT INTO T_TYPECAST VALUES(5, '1A', 10);
SUCCESS

SELECT * FROM T_TYPECAST;
1 | A | 12
2 | 4 | 1.83
3 | 1.5 | 0
4 | 1.5 | 13.8
5 | 1A | 10
ID | NAME | YEAR

SELECT * FROM T_TYPECAST WHERE ID='1A';
1 | A | 12
ID | NAME | YEAR

SELECT * FROM T_TYPECAST WHERE ID>1.5;
2 | 4 | 1.83
3 | 1.5 | 0
4 | 1.5 | 13.8
5 | 1A | 10
ID | NAME | YEAR

SELECT * FROM T_TYPECAST WHERE YEAR='1.8333B';
2 | 4 | 1.83
ID | NAME | YEAR

SELECT * FROM T_TYPECAST WHERE YEAR='ABC';
3 | 1.5 | 0
ID | NAME | YEAR

SELECT * FROM T_TYPECAST WHERE NAME=1.5;
3 | 1.5 | 0
4 | 1.5 | 13.8
ID | NAME | YEAR

SELECT * FROM T_TYPECAST WHERE NAME>=1;
2 | 4 | 1.83
3 | 1.5 | 0
4 | 1.5 | 13.8
5 | 1A | 10
ID | NAME | YEAR

SELECT * FROM T_TYPECAST WHERE '1.5a'=2;
ID | NAME | YEAR
